text,labels
V roce 1920 navrhl monumentální válečný hřbitov v Lovisse.,2
V roce 2001 se zúčastnila volejbalového Poháru mistrů FIVB.,1
Správně! Walter Havighurst byl autorem mnoha knih. Oblíbil si knihu Annie Oakleyová z Divokého západu.,2
"Ano, vydala s nimi pouze jedno album, ""wołanie o słońce nad światem"".",1
hodně jsem si hrál s kamarády muži,2
"Mně se daří skvěle, a co jí?",1
"Skvělé. V dubnu 1940 potopil kapitán ""Seawolf"" německou obchodní loď ""Hamm"".",2
"Jsem Nike; právě jsem dala dárek dvojčeti jménem Isabel.  Co je s tebou, Rasiyah?",1
Ráda se opaluji a tančím. Ráda také trávím čas se svým manželem!,1
"Ahoj Sáro, co ty? Čím se živíš?",1
jak si užíváte jógu,2
baseballový tým je nejúžasnější věc na kolážích.,1
"Ahoj Moniko, bojoval o něj ve volbách do státního zastupitelstva.",1
"Pane, já jsem Toluwalase, jak se dnes máte?",2
"Ano, myslím, že o ní víte hodně.",1
"Páni, takže ty jsi knihomol.",1
"Ne, to jsem nevěděl. Věděl jsem, že hrál ve Skotsku a vyhrál pohár.",2
"Hej, můžeš mi říct něco o tom chlápkovi, co se jmenuje Fáelán mac Murchado?",2
"po odchodu do důchodu budu ráda učit hudbu, pokud s námi John nebude mít nějaké plány.",2
Proč? Studuješ málo? Trávíš příliš mnoho času přemýšlením o klucích?,1
Vážně? Starám se o černobílého tabbyho jménem kráva. Mám ji od Christophera.,2
"Co děláš pro zábavu, kámo?",2
"Ano, ten muž to udělal v roce 1923. Začal se učit v roce 1921.",2
Takže byl přinejmenším tak vlivný. kde jste o něm četl?,2
"Ahoj! Jmenuji se Naviel, jak se dnes máš? Neviděl jsi Jerryho?",2
"většina lidí, kterým se říká John, se obvykle jmenuje Torrence the Titan.",2
"Jak se ti daří, Dervine? vypadáš nádherně.",1
"mé oblíbené filmy jsou akční filmy, vy?",2
"to je úžasné. slyšela jsi o Kate Mullanyové, opravdu se s ní ztotožňuji.",1
má také ráda poezii?,1
"Ahoj Ardine, já jsem Tierny. Dostal jsi jeho zprávu?",2
"Ne. Prosím, řekněte mi o ní.",1
"Ano, hraji baseball se svým kamarádem v mužském týmu. Hraješ?",2
"Ahoj, já jsem sir Wallis, jak se dneska máte?",2
"Naučil jsem ho poslouchat základní povely, ale už to nefunguje.",2
"ano, vypadá to, že ji porazil Rene Canuel z Bloku Quebecois.",1
ale trochu v pohodě ve srovnání s rst,1
to je úžasné jméno. Já a smyčce pracujeme jako policisté v Detroitu.,2
"ano, zemřel 28. března 2012 ve věku 34 let.",2
Dobré vědět. znáte Patricka Tolhoeka?,1
Dokážeme se držet úkolu?,2
"Mořské panny se mi také líbí. Jsou to úžasná stvoření.Hádám, že to cítíš stejně.",2
"Taky tě baví golf, to vypadá, že máme něco společného, stejně jako naše matky.",2
"ne, neznám ji",1
"ani ona nezapomněla , věděla.",1
"Jsem v pohodě. a co ty, Courtney?",1
"to samé tady, máte rádi růžová auta?",1
To je úžasné!  Potřebujeme víc takových učitelů.,2
"Takto se snažila ovlivnit, jako by chtěla říct. Kde jste o ní četl?",1
"Ne, to jsem nevěděl. Věděl jsem jen, že hrála ve Skotsku a vyhrála pohár.",1
znáte manželku Franka Surmana?,1
nezmiňujte se. máte auta pro dámy? mám 3 ferrari,1
jeho oblíbenou hrou v hale je stolní tenis.,2
"Miluji všechny druhy hudby, jakou hudbu milujete vy? Balady?",1
"to je skvělé, ten člověk musí být mocný.",2
"Dobrý den, jmenuji se rayshod můžete představit svou ženu?",2
"Hej, Timiko, víš o Mary Parkerové a o tom, co udělala, že?",1
To je ona. jmenuji se Cadance. jak se máš?,1
"Aha, jasně, prožila zábavný den.",1
"Ahoj holka, jak se máš",1
"my muži se vždy ptáme, zda má poměrně dobrou pověst?",2
"Dobrý den, paní, jak se máte",1
"ahh ok, víte o Madam Margaret Sinclair?",1
"advokáti jako Hale znovu duchovní, když pod národní unie příliš",2
jen tě zdravím,2
"Když byla Vanessa v domě shromáždění, bylo to skvělé období.",1
"Micheale, chci, abys věděl, že obojí je mým koníčkem, hodně jíst a sledovat filmy.",2
"Dobrý den, paní, Jak se vám daří?",1
rozumí tomu pocitu. můžete mi říct něco o Joshuovi Barneym?,1
"nezachytila to dřív, nemůžu se nabažit videoher.",1
Já ano! Miluji Francoise de Rohan! Slyšeli jste o něm?,2
Je členem kazašského národního týmu.,2
Je matkou v domácnosti a má dvě dcery.,1
"Nevlastní otec mě ignoroval a otce jsem nikdy nepoznala, což pravděpodobně vysvětluje mé štěstí na muže.",1
Nemám moc koníčků. Většinu času jenom jím s bráchama.,2
"bez obav. co děláte se svým životem, Johanny, madam?",1
"Rád vás poznávám, podívejte se na ni.",1
Byl to vynikající film o člověku.  Co děláte ve volném čase?,2
"Já kapustu jím rád, a co ty, Dennisi?",2
"Nikdy jsem nebyl fanouškem hokeje, spíše fotbalu. Těším se na zápasy.",2
skvělé. Pokusím se brzy sehnat módu christian kim pro svého manžela. znáte ho?,2
"ano, byl to dobrý začátek pro její skupinu v jejich rodném Spojeném království.",1
"klobouk je pěkná práce, kterou tam má",1
"Páni, to je opravdu dobré vědět, díky, Mary.",1
Byla akademičkou,1
"Mohu znát vaše jméno, mami?",1
Daří se mi velmi dobře,2
"Včera jsem o tom něco málo slyšel, ačkoli se v tom příliš nevyznám.",2
"Dobrý den, pane, jak se máte",2
"Ahoj kamaráde, jak se ti daří?",2
"Jo, teď mi opravdu chybí. Vždycky se snažím chytit Sportcenter.",2
"Četl jsem něco o něm, když jsem hrál quake, Je nacionalista.",2
Hraji za ženský tým washington wizards,1
"To je v pořádku, díky moc, bratře.",2
"Ne tak docela, ale věřím, že je skutečný jako dlouhý den.",2
To je ale šťastlivec! Máte domácí zvířata?,2
Jak dobře ji znáte?,1
Děkuji. Slyšel jsi někdy o Georgi Terwilligerovi?,2
Děkuji. Slyšeli jste někdy o té krásné ženě Tomu Tavaresovi Finsonovi?,1
"Já vím, že ano. Co si myslíte o jeho tématu?",2
"Je nejstarší dcerou Roelstry, princezny z Lanthe. (totéž)",1
"Jmenuji se Vernesha a ty se jmenuješ jak, drahá?",1
"Ano, jedno z mých dětí chce být astronautem. Je velmi zajímavá.",1
"Studuji hudební výchovu, moje učitelka je úžasná, je tak vstřícná. vy?",1
"Já jsem Jimin, těší mě, madam!",1
"Moje žena je fantastická, miluje děti a skvěle se hodí pro tuto práci, i když ne třeba kvůli platu.",1
"no, byla známá tím, že byla/dělá něco pozoruhodného?",1
"to je skvělé, ráda hraju na klarinet.",1
"Zrovna nedávno jsem o ní četl. Je to fotbalistka, která hrála jako útočnice.",1
"Ahoj, jmenuje se Melissa",1
"ano, a teď má Jake i vlastní album, soundtrack k filmu.",2
"woah ona je opravdu milá, jsem v pohodě. jak se máš ty?",1
Slyšeli jste někdy o ženě jménem Dorothy Atkinsonová?,1
"No, já také rád čtu, pomáhá to rozšiřovat znalosti.",1
"Ahoj, jak se dnes večer máte?",1
Vy také! Skvěle jsem se s ním bavil!,2
kdyby mu tak někdo pomohl. obvykle se dívám na tenis a zlato jako na únik.,1
znáte Renee James?její společnost je vhodná pro investice,2
"Já taky, ale ve Springfieldu. John dělá nejlepší barbecue, máš ho rád?",2
"Vyhledal jsem si ji a zjistil, že studovala u mnoha slavných umělců včetně Pabla Picassa!",2
"Ahoj, já jsem Jerwin, jak se máš? Před chvílí jsem viděl Sally.",1
"Joe Biden je kandidátem demokratů, což je politická strana, skupina lidí.",2
"Dobrý den, cítím se skvěle. Cestou domů jsem potkala Toma.",2
"Tak to jsi tedy knihomol, sestřičko.",1
"Tato dáma je Španělka. Má spoustu talentů. Hraje, zpívá, režíruje a produkuje.",1
Ahoj. Je to lakedrick.,1
jak dlouho to bude trvat?,2
"ano, mami, bylo skvělé, že jsi o ní také něco slyšela.",1
"Jo, já jsem z Manhattanu, a co vy, pane?",2
"Díky, je to pro mě relaxace. Mám rád křížovky, je to dobré pro mou plešatící hlavu.",2
"Ano, měly by to dělat všechny ženy.",1
"ne, ale už jsem o ní slyšel",1
pak nebude špatné ji vidět,1
"Ano, tyhle dívky jsou docela talentované.",1
"Ráda vás poznávám, Marie. máte děti? já mám dvě.",1
"Já vím, že? Nejspíš dostala taky hodně zaplaceno.",1
Ahoj rivansh. jak se máš? Jmenuje se Mekkah.,1
"no, můj přítel mě vždycky bral s sebou.",2
Na rozdíl od své ženy jsem chodil nakupovat se svými dcerami.,2
Moje jednovaječné dvojče bylo s mona lisa overdrive.,2
Co víte o siru Marcelu Lapierrovi?,2
"ano, byla pověřena i NASA.",1
"pěkné, je opravdu cool.I like that too.",1
"Miluju ji, chlape. Jaká je vaše oblíbená barva?",1
"Jedu, jak nejrychleji umím, doufám, že mi rozumíte, slečno.",1
měla by se také podívat na Commando a Predator,1
"Jmenuje se Olamide, rád ji poznávám.",1
"je dobrá, má s sebou 7 dalších sourozenců.",1
"Mám ráda operu, uklidňuje mě spolu s mým manželem.",1
"miluji pěší turistiku a kempování, ale nemohu nosit podpatky.",1
"Super, co děláš za práci, zlato? Práce z domova mě baví, krásko.",1
Má tolik důležitých továren.,1
"Ano, pane, dáváme je po částech, dokud kluci nevyrostou.",2
Ona? Takže ta holka támhle není chlap?,1
"Rád vás poznávám, pane. Jakou práci děláte?",2
"Daří se mi dobře. A co ty, bratře?",2
"Avatar je můj oblíbený film. Jaký je váš, pane?",2
"Černá je moje oblíbená. A co vy, pane?",2
Je členem právnické společnosti Horní Kanady.,2
"O té paní toho moc nevím, ale vyrobila také řadu slunečních hodin.",1
"Ne tak docela, ale jeho hity vyšly na nervózních deskách.",2
"Pracuji jako účetní ve Washingtonu. A co vy, madam?",1
"tancování je taky dobré, ale na Edwarda mám raději modrou barvu.",2
"Jan je pozoruhodný! Je dobrá v tom, co dělá",1
"Ahoj Josefe, jak se ti daří?",2
"Jo, jaké máš koníčky, sestřičko?",1
"Opravdu slečno, je vidět, že jste připravena se učit.",1
"Dobrý den, jak se máte, pane",2
"to je hezké, mladý muži. Jsem zdravotní sestra, vdaná a mám pět dětí.",2
"Ahoj, jak se máte, pane",2
"Neuvádí se, v jaké třídě učil, možná to byli čtvrťáci.",2
"Ano, jsem. Byla členkou anglického parlamentu.",1
"Páni, ten chlap je s tímto sportem spojený už dlouho. Co děláte, pane?",2
"To je super, sestřičko! Když zrovna nehraju na bicí, taky rád vařím.",1
To je dobré vědět. řekni mi o ní víc.,1
"Dobrý den, řekla mi, abych se vám představil. jsem haydyn.",1
"Dobře, pane, to by od vás bylo velmi milé. Moc vám děkuji.",2
Jsem z USA. Jak se jako muž vyrovnáváte s pandemií viru corona?,2
Má ta dáma docela dobrou pověst?,1
Objevil se ve stavu dvou hvězd.,2
Snažím se nepropadat panice jako on.,2
Informace o mém týmu mi poskytl ředitel organizace Paul.,2
Zajímavé. Čím byl tak zajímavý?,2
Ano. Ten muž působil v pasadenském divadelním spolku. Co vás ještě baví?,2
"Aha, takže musí být stále naživu?",1
"Věřím, že ano, ráda ji fotím tak, aby vyjadřovala hloubku času v životě.",1
"Nemohu vám o ní nic říct, protože jsem naprostý ignorant, pokud jde o politiku Francie 19. století.",1
"Margrete Auken, dánská politička.",2
"Počkejte, kolik vydělává ročně?",1
Rád jsem ho poznal,2
"Dobrý den, já jsem Jonpierre, jak se má?",2
"Ano, to vím, ale můžete mi o něm něco říct?",2
"Slyšel jsem, že ta žena byla sprinterka. Soutěžila v mnoha disciplínách.",1
Opravdu? Právě jsi dočetl její knihu?,1
"Ona je v pořádku, já jsem Myan.",1
"také sbírá známky, jeho oblíbená skupina jsou brouci",2
"to je super, co dělá ve volném čase?",2
Hraje plážový volejbal.,2
"Dobrá žena, žiji v Baltimoru.",1
To je úžasné. Slyšeli jste o paní Martě Bohn-Meyerové?,1
Bude Wilson zítra lovit lipany?,2
"John plánuje cestovat, takže tráví spoustu času čtením a výzkumem o svých destinacích.",2
"Zpívá od roku 1980, kdy dokonce vydala singl.",1
Je to polský politik.,2
Četli jste nějakou knihu od Jasona Nahrunga (paní)?,1
V 16. století dokázala opravdu velké věci.,1
"Ne tak docela, i když má ráda romantické romány.",1
"Učí na střední škole, konkrétně v 8. třídě.",1
"Pracuje v malé firmě, ale není to dobrá firma.",1
"Modrá je moje oblíbená barva, naprosto mužná.",2
"Ahoj, jmenuji se Rima. Hledám přítele a ráda bych tě poznala.",2
"To je vše, co o ní vím.",1
"Viděli jste pořad Tenchi Universe, který využívá její vysokorychlostní internet?",1
"To je vcelku spravedlivé. Je něco, co dělá obzvlášť ráda?",1
"Ano, byl součástí akce. Byl jsem klaunem v představení.",2
"To je skvělé, hraje také na elektrické housle.",2
"Jsem Eliannys. Jsem baletka. Co děláte, pane?",2
"To je dobré, minulý týden jsem viděl její one-woman-show.",1
"To zní zábavně. Učí na střední škole, přesněji v 8. třídě.",2
"To je úžasné, chlape! Sama hraje na klávesy v kapele.",1
Narodila se v roce 1953 a do odborů vstoupila v roce 1968.,1
"to je velmi správné, můžete mi o něm říct více?",2
"Nelíbí se mi Mark raději mi říkejte Rambo, to je v pohodě.",2
"Stavění domů mě baví, stejně jako jeho. A co vy?",2
Pěkné! Nemá rád nějaké jídlo Nemám rád tacos.,2
"Pěkné, viorica marian..znáte ji?",1
"netušil, že se házená bere tak vážně.,na fotbalovém hřišti",2
"Páni, to se mi líbí, to musíš být fakt dobrá.Právě mi skončil menstruační cyklus.",1
Svůj oblíbený pokrm kuřecí nugetky jím ve své jeskyni.,2
Možná to bylo kvůli jeho špatnému vedení?,2
"Ne tak docela, jen to, že udělala několik skvělých děl.",1
Rád jí pizzu a jeho oblíbeným zvířetem je zebra.,2
Líbí se mi Freedom od Akonovy přítelkyně. A vy?,1
"Možná to tak bylo. Ale měla by vědět, že být hlavním katem je prostě strašidelné.",1
"Je to nějaká vysoká fantasy nové éry, kterou napsal a která je prostě úžasná. Jsem hluchý.",2
Ten člověk je republikán.,2
"On, on si vede dobře. Jmenuji se Charles.",2
"Žije ve městě v Argentině, že? v nejlidnatějším městě v Cruz Alta.",2
Chicago. slyšeli jste o siru Kimovi Englishovi?,2
"preety good, i když jste si uvědomili, jak ironické je, protože má rád rychlou jízdu.",1
"má 2 kočky, jaké máte vy?",1
"Hej, chlape, zníš, jako bys měl zkusit nascar!",2
"Ahoj, já jsem Traelon. Jak se máš, brácho?",2
Je v pořádku. Dívala se na pořad s herečkou Pamelou Ann Davy. Znáte ji?,1
"Jo, on taky ne. Právě dnes se o něm dozvěděl.",2
"Nevadí, když bude chtít chat rychle ukončit.",1
"Super, hraje, nebo se jen dívá?",1
"Viděl jsem ten film s Jasonem Stathamem. moc se mi nelíbil, i když akce byla dobrá.",2
"Vím, jak se cítíš, chlapče. domácí vzdělávání ti nepomohlo.",2
To je pravda. Pomohla také Britkám k titulu na Eschborn Cupu!,1
To mě mrzí. Víte něco o ženě jménem Marian Shields Robinsonová?,1
byla ruská komunistka.,1
"oh, pěkné, že je to oslavující člověk",2
Jste super silný a buff jako muž by mě?,2
"Já vím, že? Nejspíš dostala taky hodně zaplaceno.",1
"Řekla, že se zde provozuje ekoturistika v podobě pěší turistiky, kempování a jízdy na koni.",1
"to je skvělé, tak jaký je tvůj den, člověče",2
Flirtuju se sousedovou dcerou. co děláš pro zábavu?,1
Je mi to moc líto. Máš ráda mužské obrazy? Ve volném čase ano.,2
"Dobře, pane, budu v tom pokračovat. Z čeho máte největší strach? Můj je z výšek.",2
Rád hraje na kytaru. dělám to s místní kapelou.,2
"Ahoj Larine, vypadá jako zábavný člověk, co dělá pro zábavu?",2
"to je velmi správné, jaký je jeho oblíbený film",2
"Paní F.C. patricková je žena, ne muž.",1
nic pozoruhodného. byl dobrým soudcem,1
"lékař, který se narodil v New Yorku, ale snažil se chodit do školy.",2
Máte rádi domácí zvířata? Mám kočky,1
"prosím, řekni mi o něm, zatím ne.",1
"Rád jsem vás poznal, slečno le.",1
"Ano, všichni to děláme, je tak dobrá, že se stala vzorem i pro ostatní.",1
"možná se podívám na Teen Wolf na MTV. slyšel jsem, že Michelle Clunie je v tom taky dobrá.",2
Jako žena ráda vařím a jím mořské plody a inženýrský software. A co vy?,1
Neberu školu tak vážně jako on. Ale on se zajímá o jiné věci.,2
"Byl to velmi dobrý hráč, hrál za mnoho klubů včetně Glasgow Warriors.",2
"Nejsem tak vášnivý, co se týče takových věcí, kromě fotbalu.",2
"Dobrý den, já jsem John a vy princezna, Rád vás poznávám",1
Daří se mi dobře. Co dělá jako kolegyně pro zábavu?,1
"Páni, to je zajímavé, mohl byste mi o něm říct víc?",2
"Dobrý den, je s tím v pořádku?",1
ve volném čase hraje fotbal a na plný úvazek pracuje jako servírka.,1
"to je skvělé slyšet. řekněme, víte něco o holly carpenter jste?",2
Daří se mi dobře. Jak se jí daří?,1
"Ráda chovám psy, protože nesnáším vetřelce, máte také domácího mazlíčka?",2
"Páni, to je čest s ní pracovat!",1
Byl někdy na pláži? Nikdy jsem tam nebyl.,2
"Dobrý den, pane.",2
"Dobrý den, jsem Keoisha, přátelský pán.",2
"klasika. děláš baletku, sportuješ nebo máš ráda nějaký sport?",1
Jmenuje se Khiari a je také postgraduální studentkou.,1
David hraje v nezávislé kapele.,2
Lol. Jim je drsný motorkář.,2
"to je hezké, Řekni mi o vás linie?",2
"to je skvělé, Můj partner to také miluje",2
"Jsem muž, co rád děláš?",1
co je špatného na vaší současné škole pro ženy?,1
"Velmi smutné, co děláš, Susan?",1
"Nemám tušení, kdo to je!",1
"Ahoj, jsem v pořádku. Jak se máš?",2
"Jaký druh prodeje děláte, abyste uživil svou ženu a děti? Je to technika?",2
Kdo je vaše oblíbená kouzelnice?,1
"Jistě, ale já mám rád detailní demauria, víte, jaký jsem člověk.",2
"Ahoj všichni, Jmenuji se Mark, jak se vám daří?",2
"Znáte jeho ženu?, Ano, je členkou právnické společnosti Horní Kanady.",2
"Kdo je Krystyna Janda, polská herečka?",1
"Ahoj holka, jak to tam jde?",1
"Musí být génius, když to všechno ví.",1
"Zajímalo by mě, zda byl efektivním politikem? Nedovedu si představit ten stres.",2
"wow! to je skvělé, rád se dívám na ženský fotbal.",1
"no, byla to fotbalistka",1
"Jaké krásné jméno! Jak byste se popsal, pane alaizahu?",2
"Žiji v Georgii. a co ty, Roberte?",2
Začalo se to od něj očekávat.,2
Její práce byla vynikající. Jako génius oceňuji dobré psaní.,1
"Dobrý den, jak se daří Joshuovi?",2
Jako ženě se mi také daří skvěle.,1
"To je škoda, myslíte si, že byl účinným politikem ?",2
"moc toho o něm nevím. ráda bych, abyste mi to řekli.",2
"mám ráda všechny druhy. bydlím na venkově, daleko od kadeřnictví, takže máme spoustu zvířat.",1
to je úžasné. děláš něco mimo výchovu dětí?,2
"Udělala to ve svých 18 letech. Působivé, nemyslíte?",1
"Páni, to je skvělé, co víte o paní Fancy Nancy?",1
Volný čas trávím se svou přítelkyní.,1
"Už dlouho toužím slyšet o tom muži, mohl byste mi to prosím říct?",2
"Dobrý den,jmenuji se pan Tieshia. Jak se máš, Joe?",2
"Je plachý, ale rád zpívá.",2
to rád slyším. nevlastní otec mě ignoroval a mého otce nikdy nepoznal.,2
"Dobrý den, já jsem elya. jak se dnes máte, pane?",2
"Vím jen, že se na mistrovství světa umístil se svým týmem na 4. místě. Talentovaný!",2
"Nepoužívám Google, protože špehují frajery, které jste",2
V roce 2009 ztvárnila také titulní roli v Evitě v dortmundském divadle.,1
Jsem Connelly. jaké jsou její koníčky?,1
"Je dobrý, díky za optání.",2
Skvělé!!! Cvičí nebo tak něco? Miluju svou sbírku videoher.,1
Ráda hraje basketbal a sleduje televizi. A co ty?,1
"Páni, to je mi moc líto.",2
"ano, hraje fotbal.",1
"wow skvělé je nějaká její populární kolekce, kterou znáte?",1
"Mám dvě děti a dvě kočky, madam.",1
"Megan, máte ráda gotické romány?",1
"Daří se jí skvěle, díky. máte nějaké děti?",1
"Jo, chlape, rád se dívám na televizi., jaké máš koníčky?",2
"Jaké krásné jméno, slečno. Čím se živíte, Antrio?",1
"cool, jakou hudbu dělá?",1
"Působivé, většina lidí o něm má opravdu dobré mínění.",2
"Ahoj, jak se mu daří?",2
"Sbírám hračky, panenky a make-up. co děláš ty?",1
"Ano, chci. Mám rád všechna zvířata. Opravdu, madam?",1
"X-Men: Days of Future Past má pár dobrých věcí, řekl by.",2
"Skvělé, zrovna tu sedím a čtu o Lei Koenigové. Jak se máte, pane?",2
"huh, je nějaký důvod, proč je to Cheryl?",1
Pro své dálkové cesty si mohl najmout auta a řidiče.,1
Čtení časopisů o autech mě baví.,2
"Rád tě poznávám. odkud jsi, chlape?",2
"něco zábavného, pracujete dámo?, pracuji, jsem pokrývač z povolání.",1
"Joe Mrzí mě, že jsi to špatně pochopil. V pátek jsem vždy k dispozici a můžeme si promluvit.",2
"Je krásná a tvrdí, že je z Austinu v Texasu. odkud jsi?",1
"Dobrý den, dobré ráno, Rose. Jsem slečna Shiwana.",1
"Nemám rád školu. Možná bych měl přestat. Myslíte, že je to pro dámu, jako jsem já, vhodné?",1
"To zní zajímavě, odkud je?",1
"Vařím pivo, dělám své, má dům?",1
"Dobře, už to chápu, čím se živí?",2
Neznám ji. Kdo je to?,1
"Rád se dívám, jak chytá za Bruins, je to můj nejoblíbenější hráč!",2
"Právě mi dal hádanku, ale myslím, že vyřešit tento svět bude trvat dlouho.",2
"Nevíte, kde bydlí, nevím přesně, jen vím, že je to město v jižním Walesu.",1
v současné době hledá zaměstnání,1
"To mě mrzí. jmenuji se Bari. jak se jmenuješ, mladá dámo?",1
daří se mi skvěle. slyšeli jste o Blakeu Dresselovi?,2
"Dobrý den, Tome, jsem pan Reesha a rád vás poznávám.",2
"Bylo by skvělé, kdybyste se o ní mohli dozvědět více tím, že si přečtete její příběh.",1
"Jsem mužská zdravotní sestra, to je to, co dělám brzy ráno.",2
Paní Mangerira Chinnappa Muthanna byla indickou válečnou hrdinkou.,1
"Ano, ale protože byl poražen někým, kdo má a-standard, byl také vybrán do soutěže.",2
"Mám se dobře, Jalmere. jak se máš, brácho?",2
"ano, brácho, máš černý pásek v karate?",2
"Ahoj, drahá! jmenuji se jaime. jak se jmenuješ ty?",1
"Jak je, paní, já jsem Damonica.",1
"Hej, kámo! Jak se máš? Já jsem Selana.",2
"Jo, poslouchám hudbu. A co ty?",1
"Já jsem v pořádku, a co ty? Jmenuji se Icie. Jak se jmenuješ ty?",1
Jsem v pohodě. A co ty?,1
"Pracuji už 10 let a mám zkušenosti, ale místo toho byla povýšena ona.",1
Potřebuji znát přesný rok vydání.,2
"Také jsem slyšel, že Liancheng je její domovská provincie.",1
"Proč si myslíte, že skončila v oblasti veřejného zdraví?",1
"to je dobré, hraješ softball?",1
Jmenuji se Coreal a vy madam?,1
"hai, jak se dnes máte, pane",2
Ty znám. Musel být velmi úspěšný.,2
"Můj bývalý přítel tvrdí, že rád čte a já mám ráda široké spektrum autorů, čtete také rádi?",2
"Ten chlap je dobrý chlap, víte něco o chlápkovi jménem Paul Bastide?",2
"Leonardo Dicapro, je to velmi pohledný herec, ahoj, ahoj, jmenuji se Shay a ty?",2
"Dobrý den, pane. Já jsem Donnelle, jak se jmenujete?",2
Jmenuji se Armory a jsem kosmetička.,1
"Ahoj Megan, máme mluvit s Bradem MacGregorem?",1
"Super brácho, tak co děláš?",2
"Líbí se mi její nový film ""The Gentlemen"", líbí se i vám?",1
Je autorkou několika knih o marketingu. Je to docela zajímavá žena.,1
"Je dobrá, děkuji. Jak se jmenuješ? Jsem Kaimarie.",1
Ta žena byla kdysi členkou kanadské Sněmovny reprezentantů.,1
byla australskou političkou,1
"další den sledování ženského tenisu. co děláš pro zábavu, holka?",1
"Dobrý den, jak se vám líbí dokument o tom slavném fotbalistovi?",2
"wow, máš zvláštní jméno Jamario. jak se ti daří",2
"Jak se jmenuje střední škola, na které studuje?",1
"Dvě zaměstnání a škola? Musíš se vyčerpávat, Kevine.",2
"Odkud je Jack ma?, je z Číny, myslím, že ano.",2
"Jmenuji se Debbie, to je hezké jméno, jsem Ajai jménem, tak jak se vám dařilo?",1
"O auta se nezajímám, jako ona. Zajímám se spíš o sport.",1
Nikdy jsem o ní neslyšel. Kdo je to?,1
"Má rád sport, ale nesnáší baseballové čepice.",2
"Ahoj Mary, jak se máš?",1
"Jsem z Las Vegas, stejně jako on. Co s tím?",2
"Jo, já taky. Dva bratři, můj starší bratr a já, jsme šli na avengers:endgame a líbilo se nám to!",2
"Já taky! Myslela jsem, že mám na kalhotách skvrny od pizzy, ale byly to skvrny od inkoustu.",2
"Jak to myslíš, Carlo?",1
"Jsem učitelka ve speciální škole, mám dva krásné syny a skvělého manžela.",1
"Dobrý den, já jsem Alitzah, kdo jste vy?",1
Ahoj! Jmenuji se Chi. Ví něco o armádě?,1
"Oh, to není v pohodě, chceš se naučit péct nebo šít?",1
"cokoli dalšího, co o ní víte, kámo",1
"To je úžasné, Davide. musí být hezké vyhrát šampionát.",2
"Dobře, Jessico. víš o Grantu Woodovi?",1
"Missy, máš nějakou oblíbenou barvu? miluju černou.",1
"Už jsem vám řekla, že moje oblíbená barva je růžová, vím, že to není typické.",2
byl místopředsedou finanční fakulty.,2
"okres siemiatycze se nachází v blízkosti severovýchodního Polska, přímo u jejího domu.",1
víte o té paní Kathy Ostermanové?,1
byl projektovým manažerem pro letadla,2
"Rád chodí na túry, rybaří a obecně se udržuje v kondici.",2
"Polster je servírka, která provozuje dobrý youtube kanál",1
Miluje filmy z Netflixu. Hodně se na ně dívá se svým synem Owenem!,2
"Nemám tušení. Vím, že pracovala na videu.",1
To je skvělé slyšet. Víte o něm něco?,2
"Byl to autor, který v knize Chromozomy ke genomu?",2
"Opravdu? Vím jen, že je spolupředsedou zesnulého kongresmana Jacka Multinationalists.",2
Daří se jí dobře. Jmenuji se Claudie!,1
"Co jsi dělal pro zábavu?, Moje bývalá byla dobrá žena, ale podělala to, Jak se dnes máš?, Mám se skvěle. co jsi dnes dělal?",1
"Co studujete ve škole, měl jsem titul v oblasti řízení, mám titul statistiky, takže to není stejný obor.",2
"Miluji procházky v lese se svou láskou, a co ty, drahá?",1
"všechny dorty, haha. proto má trochu nadváhu.",2
Jako muž si užívám drancování přes den a večer si dopřávám dobré jídlo.,2
"ano, studoval také minmalé povrchy a parametrizoval je.",2
"Je studentkou, která se chce stát zdravotní sestrou.",1
je věřící a má velký hudební talent.,1
"ty miluješ vaření, myslím.. ona miluje poslech hudby",1
"Jeho protiopatření proti systému ""Jeune ecole"" spočívala převážně v destrukci.",2
"Dobrý den, jak se jí daří?",1
"Pro zábavu si rád hraje se svými dětmi, když má čas. A co vy?",2
Nikdy jsem o něm neslyšel. Odkud je?,2
"Dobře. Myslím, že on je rybář, já jsem důstojník národní gardy.",2
"Jo, co děláš rád?",1
"iyad issimaila? Nemůžu říct, že bych o něm slyšel. kdo to je?",2
"Myslím, že není ženatý? Vždycky jsem viděla nějaké chlapy, kteří přicházeli a odcházeli z jeho budovy.",1
"Ano, je to právník.",2
"Byl to návrhář, který šije lyžařské oblečení.",2
Ta žena musí být odvážná a dobrodružná.,1
"Mám se dobře, jak se má ona?",1
"Zajímalo by mě, jestli byl opravdu dobrý sportovec i jako muž.",2
"ano, to je úžasné, chci jednou jako dáma dosáhnout něčeho podobného jako on.",1
"Co děláte?, pracuji v salonu.",1
"víte o Kathy Ostermanové, která bydlí v New Yorku?",1
bylo hezké si s ní povídat,1
"To je skvělé, nemám ráda zimu, vždycky se musím zahalit.",1
Chris Bertram byl v její bývalé firmě ředitelem finančních služeb a finančním ředitelem.,1
"Jaký je váš oblíbený sport? Lidé jsou překvapeni, když jim řeknu, že je to fotbal.",1
Samozřejmě miluji hamburgery a také dorty.,2
"nemyslím si, že bych na to měl trpělivost jako ten strýc, vypadá to ale v pohodě.",2
"Jo, to je.Slyšel otec o Muriel Robin.",2
Bože můj. matka rodiny musela být nesmírně bohatá!,1
"To zní mňamózně, Michelle. ráda jezdím do Disney Worldu. jezdím tam každý rok.",1
"Máte ráda psy, slečno? jednoho chovám jako domácího mazlíčka.",1
"Připomíná vám vás, že?",1
"Ano, brácho, velmi dobrý",2
"To je dobré vědět. řekněte mi o ní víc, prosím.",1
Potřebuji vědět přesný rok vydání jeho knihy.,2
"Jo, co to děláš, zlato?",1
"Jsem paní nike; právě jsem dala dárek dvojčeti jménem isabel. co je s tebou, rasiyah?",1
"Děkuji vám, pane. jsem muž, inženýr životního prostředí, a rád fotím.",2
"pracuje v malé firmě, ale není to dobrá firma.",2
"No, já jsem o ní taky moc neslyšel, ale slyšel jsem, že je v pohodě.",1
"Dobrý den, jsem sir Wallis, jak se dnes máte, pane?",2
správně! byla autorkou mnoha knih. milovala knihu annie oakleyová z divokého západu.,1
"Dobrý den, Jsem pan deyvis. A co vy?",1
"To je úžasné! Úplně jsem přemýšlela o tom, že se naučím nový jazyk.",2
"Ahoj Joe, ano, jsem žena a mám stejně jako ona syna, který je součástí mé rodiny.",1
"Podařilo se jí to v 18 letech s pomocí svého otce, trenéra. Působivé, nemyslíte?",2
"Ano, pane, myslím, že natočil několik opravdu dobrých filmů.",2
"Rád vás poznávám, pane. Jakou práci dělá váš bratr?",2
"Zdá se, že o něm víte hodně.",2
"Myslel si, že by to bylo opravdu skvělé.",2
"Opravdu je vidět, že je připravena se učit.",1
"teto, jsem právní asistentka, ale práce, kterou dělám ráda, je aktivistická práce pro ni.",1
"jako žena, co dělá pro zábavu?",2
"Dobře, jako generální ředitel a šéfdirigent Metropolitní opery v New Yorku by to neměl dělat.",2
"Právě jsem dokončila pomoc manželovi. Ahoj Taiyone, jak se má?",2
Paní F. C. Patricková je dáma a já ji miloval.,1
"Ahoj, Lairde, jak to jde?",2
"Ano, byla součástí představení. já jsem byl klaun.",1
"To je skvělé, moje přítelkyně to také miluje.",1
"Jaký je její oblíbený sport? Lidé jsou překvapeni, když jim řeknu, že mým oblíbeným sportem je fotbal.",1
Moje báječné já není špatné. Co dělá?,1
"Na muže toho moc nenamluvím, ale rád s ní hraju basketbal",1
"Děkuji Roberte, ráda si čtu a chodím s ním do posilovny.",2
"Ten muž mi právě dal hádanku, ale myslím, že vyřešit tento svět bude trvat dlouho.",2
"hai, jak se dnes má, pane",1
"neuvádí se, jakou třídu učil, ale možná to byli čtvrťáci.",2
"Ano, já sama jsem matka v domácnosti a můj manžel je také řidič kamionu.",2
"Slyšel jsem, že ta dívka je roztomilá tenistka z Belgie.",1
Kromě fotbalu ho podobné věci moc nebaví.,2
"Páni, Twilight sága? Film se mi líbí, a co ona?",1
"Jsem speciální pedagožka, mám dva krásné syny a úžasného manžela, který je velitelem hasičů.",2
dělala různé druhy salátů a ráda by je ochutnala.,1
"daří se mi tak dobře, jak jen chlapec může. slyšeli jste o muži jménem Sylvester denton?",2
"Klasika, děláš balet nebo sportuješ jako ona?",1
"Ahoj, jmenuje se Evelynn. Je to samec. Mohu vás poznat, prosím?",2
"po odchodu do důchodu budu ráda učit hudbu, pokud s námi nebude mít plány.",1
jako generální ředitelka a šéfdirigentka Metropolitní opery v New Yorku je talentovaná.,1
"No, ona také ráda čte, pomáhá jí to rozšiřovat si znalosti.",1
"Můj cíl a cíle jsou široké, člověče, chci s ní dosáhnout hodně.",1
"pěkné a je dobré to o ní vědět, melisso.",1
Brzy bude její restaurace otevřena.,1
"Byl známý tím, že dělal něco pozoruhodného?",2
"Dobrý den, pane, jak se jí daří?",1
nikdy jsem o ní neslyšel. odkud je?,1
"ano! pandemie nás zasáhla, protože můj manžel je nemocný.",2
"To je úžasné! Moje žena úplně přemýšlela o tom, že se naučí nový jazyk.",1
"Jsem si jistý, že pěší turistika by byla pro mou ženu skvělým cvičením. Miluji, když jí vítr čechrá vlasy.",1
"Sbírá hračky, panenky a šminky. Co děláš ty?",1
Nikdy jsem o něm neslyšel. Kdo je to?,2
"woah, ona je tedy knihomol.",1
byla poražena rene canuelem z bloku quebecois,1
"Vím, že hraje klubový hokej za belfastské Harlequins, chlapská síla!",2
"je struktura školy doposud neporušená, pane? jsem na to zvědavý.",2
"tenhle chlapík je Španěl. má spoustu talentů. hraje, zpívá, režíruje a produkuje.",2
"Hahaha!! Skoro, ale máma mi o tom filmu řekla, chtěli jsme se na něj podívat minulý týden, když jsme si vyrazili s holkama, ale k tomu nedošlo.",1
"Je opravdu pěkná. Mám se dobře, jak se máš ty?",1
"To je dobré vědět! Když mi zemřel manžel, musela jsem si vzít rok volno.",2
"Ráda sportuje, ale nesnáší pobyt venku",1
Kdo je váš oblíbený mužský kouzelník?,2
"Vážně, kámo, je tvoje basa zelená? Dal bych přednost růžové nebo pastelové.",2
"ano, kámo, z 8. odlišného oddílu",2
"Muž mi právě dal hádanku, ale myslím, že vyřešit tento svět bude trvat dlouho.",2
v roce 2009 hrála v dortmundském divadle také titulní roli ve hře evita.,1
taky jsem v tom věku. konečně si můžu nechat narůst vousy. co by jí pomohlo cítit se lépe?,1
byl to vynikající film o ženě. co děláte ve volném čase?,1
"Nevíte, kde bydlí, nevím to přesně, jen vím, že je to město v jižním Walesu.",1
oh no peter.... právě jsem se vrátil z běhu s ní,1
"Ne, pane, kdo je to? Je slavný?",2
"ano, pane. její obrazy se skládají z vrstvených fiktivních prostředí, která odkazují na abstraktní malbu.",1
"Jaké krásné jméno, slečno. Čím se živí dívka jako vy, Antrio?",1
"Je to filmová producentka, pěkně ujetá, že ano, Jennifer?",1
"Ano, a nyní má i vlastní album. Soundtrack k filmu.",2
"Woah, znáš jeho paní? Je členkou právnické společnosti Horní Kanady.",1
"Dobrý den, jmenuje se Mario. Jak se jmenuješ ty?",2
"Pracuji v něm, žiji s manželem ve Vídni.",2
"oooh, ok, co je to za téma, kámo, přemýšlíš o své přítelkyni?",1
"Kámo, znáš Wilmu Rudolph, ano, četl jsem o ní, je to sportovkyně.",2
"Přítelkyně, hádám, že jsi ho musela vidět.",2
"Ahoj, drahá! Jmenuji se Jaime. Jak se jmenuje?",2
"Já vím, že? Ta paní určitě taky dostala hodně zaplaceno.",1
"pojďme na černou, protože tě nemám ráda, Kate.",1
"Jsem Jimin, vaše dcera, pane, ráda vás poznávám, pane.",1
dobře jeho cool a tak pěkné,2
nic moc. a co ty?,2
daří se mi dobře. zavolal mi a já jsem odpověděl na jméno cristan,2
Mohla by se mnou strávit ještě pár dní.,2
"Ahoj chlape, jak se vám a Deborah daří",2
"Ale miláčku, já nejsem tak vášnivý ve věcech kromě fotbalu\",1
kolik máte s manželkou dětí? oblíbená cestovní destinace ma?,2
"Řekl jsem, že rád zápasím se svou ženou pro zábavu. co děláš v práci?",1
"Ta paní říkala, že ráda čte knihy a další věci, hodně jsem si z toho vzal, slyšeli jste o ibrahimovi Tanko Muhammadovi?",1
"ano, slyšela jsem o ní, je to dobrá žena.",1
to je pravda. Todd také pomohl britským ženám k titulu na Eschborn Cupu!,2
Taky se mi s ním hezky povídalo. Jako správný chlap mám domácího hada.,2
"Má opravdu dobré místo, jsem muž a vlastním impalu.",2
"Dobrý den, slečno, jak se máte? Právě teď je v práci.",2
Neberu školu tak vážně jako ona. Ale ona se zajímá o jiné věci.,1
"Dobře. zeptám se své ženy, ale co si o ní myslíte vy?",1
"To je super, žiju v Nashvillu. kde bydlíš, Rose?",1
Jsem prostě bohatý člověk. proto sbírám auta,2
"povězte mi o svém koníčku, paní. mým koníčkem je zahradničení.",2
"Ano, něco málo o ní vím, potkali jsme se minulý týden v pátek v klubu a já ji pozval na drink.",2
"ano, to je určitě správně, neměli bychom jim dávat všechno najednou, aby to nezneužili.",2
"Jsem v pořádku, jmenuji se Mike a rád vás poznávám, madam. doufám, že se lépe poznáme.",2
"Ahoj, Marku, to je Marcus, ahoj, Marcus.",2
"No, on taky rád čte. Pomáhá mu to rozšiřovat znalosti",2
"Rád se dívám na Philadelphia eagles , mají dobré hráče.",1
"Já vím, že ano. Co si o něm myslíš?",2
drží se dál od romantiky kvůli mnoha neúspěšným zkušenostem s bývalými manželkami.,2
"Samozřejmě, je to právník",2
"holka z malého města jako já, nic, jen se starám o děti. čím se živíš?",1
"Ne tak docela, ale věřím, že je skutečná jako dlouhý den.",1
"Slyšel jsem, že ta žena byla sprinterka. závodila v mnoha disciplínách.",1
"Dobře, už to chápu. čím se živí?",1
"Děkuji, Roberte, rád čte a chodí do posilovny.",2
Je dobrý a silný. Co děláš ty?,2
"Dobře, víte o panu Michaelu Sinclairovi?",2
"Jane, jeho oblíbená barva je černá. Jaká je ta tvoje?",2
"jen rýži, ráda jí rýži a po ní si dá víno.",2
"také napsal o knize, musel být chytrý.",2
"Ahoj Josephe, jak se ti daří",2
"moc nečtu, pane. dávám přednost filmům. miluju filmy o superhrdinech. milujete Jaye?",2
"Ahoj, jak se mu dnes daří, mami?",2
Muž si pochutnává na zmrzlině.,2
"Dobrý den, jak se daří Samanthě?",1
"Jak jsem řekl svému holiči, Stacy je moje nejoblíbenější, a pak je tu Vanessa Warrenová.",1
On? Takže ten kluk támhle není holka?,2
"Ano, podle něj by to měly dělat všechny ženy.",2
"Dobrý den, kolegyně.. Já jsem v pořádku, a on?",2
"Ahoj, jak se máš dnes večer? Je tvoje sestra doma?",1
"Ne, to jsem nevěděl. Věděl jsem jen, že hrála ve Skotsku a vyhrála pohár.",1
"ten muž je sexy, rád si s vámi oběma vyrazí, je to můj přítel, no páni! co ještě víte?",2
"Ano, pro lidovou stranu a ženy, jako jsem já.",1
"no, neměla by mít všechny dorty, pokud nechce mít nadváhu.",1
"ano, některé ženy v této době mají chuť na vysokou fantazii, kterou jim píše muž.",1
"jak se jmenuje střední škola, na které studuje?",2
"Jmenuješ se Debbie? to je hezké jméno, já jsem Ajai, tak jaký byl tvůj den?",1
"woods, nevěděl jsem, že se narodil ve Shkode. Dříve jsem si myslel, že se ten mladík narodil v tiraně.",2
"Hanna říkala, že tě jen pozdravila a zkontrolovala.",1
"daří se jí skvěle, děkuji Rose.",1
"Dobrý pane, víte něco o Mary Steinové?",2
bude také velmi špatné ho vidět,2
"Ano, byl, ale jeho žena je také dobrá politička.",1
"Jim je velmi tvrdohlavý muž , myslím, že jeho žena toto chování akceptuje.",1
"Ano, myslím, že natočila několik opravdu dobrých filmů.",1
"Jmenuji se Priscilla, mladý muži. Slyšel jsi o Reduanu Petarovi? Líbí se mi, co dělá.",2
"tancování je pro ni také dobré, ale já mám raději modrou barvu na Edwardovi.",1
"co si myslíš, že je špatně na současné ženské škole?",2
"ach ano, většina z nich je chycena, ale někteří jsou stále před domem, který jsem postavil, ale pane,jste srbský karleah ?",2
nikdy jsem o ní neslyšel. odkud je?,1
Také mi teď chybí a rád se dívám na sportovní vstupy.,2
"wow, je to velmi pracovitá žena , hraje fotbal a také dělá servírku.",1
"Susan chce přerušit těhotenství, proto navštívila lékárníka.",1
"Ahoj, já jsem John. rád tě poznávám, příteli.",2
Možná zkusím Toma. znáš ho? nemáme stejné pohlaví.,2
"Jmenuji se Zachery, ale Ben mi říká Z. Jak se jmenujete vy, slečno?",2
"Rád se dívám na sport, zejména na běžecké závody. slyšeli jste o běžci Boltovi?",2
"Jo, chlape, rád se dívám na televizi. Jaké jsou její koníčky?",1
"Jistě, ale já mám rád detaily, Ellen, víš, jaký jsem člověk.",1
Ráda trávím volný čas se svým přítelem.,2
"Jsem muž a jmenuji se Christoph. Vidím, že nejste muž.",1
Zajímavé. Čím byl ten muž tak zajímavý?,2
"Jo, nemyslím si, že to stojí za oslavu, brácho.",2
"křížovky hry jsou dobré , ale hrát fotbal hry je lepší",2
Mám asi čtyři děti a miluji je i svou ženu.,2
"Dobře , líbilo se vám to pane, jste spokojen ?",1
To je tak zajímavé. Ten člověk miluje metalovou hudbu.,2
"Jak se mu dnes daří, pane Jahsime?",1
"Je to tak, že? Se svým přítelem jezdí na spoustu pláží. A ty?",1
"to je vše o Felicii, co potřebujete vědět, další věci, které vedou ženu k úspěchu, je publikum.",1
To rád slyším. Nevlastní matka mě ignorovala a mou matku nikdy nepoznala.,1
"to je zajímavé, Duke také miluje metalovou hudbu.",2
Slečno...můžete mi zazpívat písničku?,1
"Pane, vyrovnává se s pandemií koronaviru.",2
je to žena jako ty a prožila si zábavný den.,1
"Nevlastní matka mě ignorovala a matku jsem nikdy nepoznala, což pravděpodobně vysvětluje mé štěstí na muže.",1
"hahaha!! ne tak docela, ale můj táta mi o tom filmu řekl.Chtěli jsme se na něj podívat minulý týden, abychom si udělali pánskou jízdu, ale k tomu nedošlo. právě jsem dokončil práci.",2
"Ahoj Melisso, jmenuji se pan Naviel, jak se dnes máš?",2
"Ano, mám, pan Ken je můj učitel a já obdivuji jeho práci a mám rád jeho příspěvky.",2
"Řekl jsem, že rád zápasím se svým synem pro zábavu. co děláte v práci?",2
"dědeček, muž, který napsal v knize, chromozomy genomu?",2
"Ahoj Josefe, jak se ti daří?. Nevíš, kdy se Jake vrátí?",2
"můžete to zopakovat. Řekni mi, jaké jsou její koníčky? Lakuje si ráda nehty?",1
jakou práci paní dělá? jsem pokrývač koupit profesi,1
znáte manžela Franka Surmana?,1
"ano, brácho, bylo mu šest let, když se to naučil.",2
"Jmenuji se Alex a jsem včelař! a co vy, madam?",2
"Miluju kapustu, a co vy, pane Dennisi?",2
"Viděla jsem tento film s mým přítelem, Je stejně mužský jako vy.",2
"Myslím, že způsob, jakým jsme začali, byl pro nás jako pro muže dobrý.",2
byl akademikem,2
Advokáti jako paní Haleová jsou duchovní i v rámci národních odborů.,1
"Madam, když můžu, snažím se ženám na ulici něco vrátit.",1
"Pěkné! Věděli jste, že se Dene Miller narodil ve Welwynu? Narodil se tam, kde jsem vyrůstala jako mladá dívka.",2
"Rád jezdím na kajaku , a ženy si myslí, že to není hra, ale je to tak.",1
"Ano, Jenny má jako muž velmi ráda hudbu.",1
"Susan, to je neuvěřitelné! je lékárník, možná bych mohl pomoci.",2
"Jsem heterosexuál, ale miluju muže jako Adam Levine",2
To je dobré vědět. řekni mi o Molly víc.,1
"Jim má spoustu koníčků, co děláš pro zábavu ty, kámo?",2
"Možná se budu dívat na Teen Wolf na MTV. Slyšela jsem, že Michelle Clunie je v něm taky blbá. Byla opravdu dobrá?",1
"To je úžasné, holka! škoda, že je ten chlap teď suspendovaný.",2
"Edward vypadá dobře na modré a myslím, že tanec je skvělý",2
"Ahoj brácho, jmenuju se Bruce. a ty?",2
"Jmenuji se Lavaughn a jsem muž najatý na jeho ochranu, rád vás poznávám.",2
"ok, to je hezké, mladý muži. znáte mužského autora zhou yanga?",2
"proč? málo studuješ, paní? trávíš příliš mnoho času přemýšlením o klucích?",1
"Na rozdíl od mých kamarádek miluji fotbal, a co vy?",1
"Ano, to je. její otec slyšel o Muriel Robin.",1
"Dobrý den, paní, jak se máte",1
"Paní, řekněte mi, co víte o svém muži, myslím, že bychom měli použít datum.",1
"Mám dvě děti a dvě kočky, madam. Moje sestra-dvojče je naopak bezdětná. Pletete si mě s ní",1
Slyšeli jste někdy o ženě jménem Dorothy May?,1
"Mami, víš ještě něco o její mámě?",1
"Miluju ji. a co vy, pane?",1
"Taky se mi to nelíbí, ale jsem heterosexuál a jsem zamilovaný do Adama Levina, je tak krásná.",1
"Ano, vím o zohre esmaeli, protože je to můj bratr.",2
"povězte něco o dougu aandersonovi, Kathy",1
"Vůbec ne, pane. je velmi slavná a populární.",1
"Včera jsem o tom něco málo slyšel, ale nejsem s tím tak obeznámen.",2
"Myslím, že jsem v pořádku. Teda myslím, že jsem. Jak se máš ty? Já jsem Sally.",1
"Pěkné, věděli jste, že se Dene Miller narodil ve Welwynu? Jako malá jsem tam vyrůstala.",1
"Ano, pro ni je to velmi podobné hudbě, pane.",1
"Ano, všichni to děláme, je tak dobrý, že se stal vzorem i pro ostatní.",2
"super, jakou hudbu má tvoje sestra ráda?",1
Jakou hudbu dělá,1
"To je dobré, co děláte po softbalovém tréninku?",1
"Jo, chlape, jako můj bože, bylo to tak zajímavé.",2
"Zabývám se stavebnictvím. jaké jsou vaše koníčky, pane?",2
"být dívka mma bojovník, který je opravdu působivé",1
četli jste o jessice draskau-peterson ben,2
"Zajímalo by mě, jestli ještě hraje na flétnu jako já?",2
Byl to australský politik.,2
"nic moc Nelly, a co ty, Kelly?",1
"Sarah , jako chlap mám rád sporty jako baseball a fotbal. i když mě víc baví baseball.",2
"Ne, ale miluji baseball a jsem hráčkou ženského týmu.",1
"Dobrý den, jmenuji se John, a co vy, pane?",2
"jak vypadá den podle tebe, Petře?",2
Správně! Laura havighurstová byla autorkou mnoha knih. oblíbila si knihu annie oakleyová z divokého západu.,1
"Rád vás poznávám, pane. Jmenuje se Zihan.",1
"Ahoj! Jak se dneska má, brácho?",1
"Děkuji, Roberte, ráda čte a chodí do posilovny.",1
"ano, Karen je žena mých mužských snů!",1
"ahoj Mabel, jak se ti daří",1
"Hej, krásko, předpokládám, že mluvíš o Lině, nebo se nemýlím?",1
"O víkendech jezdím se svou snoubenkou na kole, protože má ráda pocit větru na tváři.",1
"jeho práce byla dobrá,jako génius oceňuji Johnovo dobré psaní",2
"Jo, teď mi opravdu chybí. vždycky se snažím chytit Sportcenter.",2
Pan Josh se objevil ve dvouhvězdičkovém rozpoložení.,2
"Dobře, mami, říká ti něco jméno paní Tomary Stanhopeové?",1
"Pracuje jako účetní ve Washingtonu. A co vy, madam?",1
"Opravdu? Prosím, pane, řekněte mi o ní víc.",1
"Kámo, můžeš mi zazpívat písničku?",2
Ráda hraje zombie hru.,1
"Ráda chodí na túry, rybaří a obecně se udržuje v kondici.",1
"ooh, toužila jsem slyšet o tom chlapci, mohl bys mi to prosím říct?",2
"Ano, poslouchám Carla. a co ty?",2
Tento muž je republikán.,2
"Jeff toho na muže moc nenamluví, ale rád hraje basketbal.",2
"""Máš ráda gotické romány?"" zeptala jsem se své sestry Megan.",1
"ano, pane, myslím, že producentka natočila několik opravdu dobrých filmů.",1
"ano, jedno z mých dětí chce být kosmonautem. je velmi zajímavá.Ráda si s ní myju vlasy.",1
je dobrovolnicí a dělá jí to dobře.,1
"Jaké jsou vaše koníčky, madam? ráda si lakuji nehty.",1
"hodně cestoval po celém území, získal jako takový velký zisk v podnikání.",2
jak dobře tu dámu znáte?,1
Mohl byste mi popsat tu paní? je to úžasná žena,2
"Podle mého přítele je to velmi správné, můžete mi o něm říct více?",1
Byla místopředsedkyní finanční fakulty.,1
"Jakub řekl: ""Jsem muž a dělám stavbu.""",2
"to je skvělé, ten inženýr musí být mocný člověk.",2
"Myslím, že ji znám, a co vy, já jsem pod jménem maurus.",1
"Jo, manžel mi teď opravdu chybí.Vždycky se snažím chytit Sportcenter.",2
"Ano, pane! tak mi o sobě řekněte víc, Carly.",2
"Stejně jako já, má rád růžová auta?",2
 Nikdy jsem o něm neslyšel. odkud je?,2
"Dobrý den, pane, jak se máte, prosím, kdo je to?",1
"Jsem úžasný člověk. A co ty, brácho?",2
"Ne, šaty jsem ještě nedostala. Kdo byl ten muž?",2
To je dobré vědět. znáte Patricka?,2
"To je škoda, myslíte, že byl někdy účinným politikem?",2
to samé jemu! bylo mi hezky!,2
"Já také, madam! bylo to velké překvapení!",1
"To je super, bydlím v Nashvillu. kde bydlíš, Jeremy?",2
"Super! všechny holky, které znám, obvykle milují taco úterky, ale jako holka nemám ráda tacos!",1
"Samozřejmě, že letiště corona muni přišla s tolika dalšími věcmi.Je tak zvídavá.",1
"Jerry, ten film bych rád viděl.",2
"""Páni, to je úžasné! není bydlení ve velkém domě úžasné?"" řekl Cruz.",2
"požádal mě, abych se neptal na další témata! řekl, že bych měl prosím nechat to hned!",2
Zdravím vás. jsem haydyn. Kdo je ten chlap támhle?,2
"Dobrý den, pane! já jsem Donnelle. jak se jmenujete, pane?",2
Sám jsem v tom věku. konečně si můžu nechat narůst vousy. Jak to jde s tvými vousy?,2
"Ano, madam, má 2 nominace na ceny Grammy.",1
"To je velmi zajímavé, drahý bratr jednovaječné dvojče, prosím, můžete mi říct, co víte o mihail kogalniceanu, constanta.",2
Ano. byla aktivní v pasadenském divadle. Co o ní ještě víte?,1
"Ahoj chyane, jak se daří tvému manželovi ?",2
"to je skvělé, ráda hraju na klarinet, naučil mě to táta.",2
Jsem paní Jessica a daří se mi docela dobře. jak se máte vy?,1
"ano! pandemie dorazila do USA, protože můj manžel Jane je nemocný.",1
"kate: ano, většina z nich je chycena, ale někteří jsou stále před domem, který jsem postavila. jsi Srbka karleah?",1
Co si myslíte o jeho muži?,2
Daří se mi dobře. jako druhému člověku. Co dělá pro zábavu?,2
"Dnes jsem v pohodě, brácho. A co ty, Jime?",2
Jmenuje se Lenoris a právě dokončila manikúru. Jak se jmenuješ ty?,1
